{"loss": [1.5499850511550903, 0.49584290385246277, 0.28714510798454285, 0.19866843521595, 0.1469130665063858, 0.11900968849658966, 0.0940849632024765], "accuracy": [0.542015790939331, 0.8427342176437378, 0.9080873727798462, 0.9358702898025513, 0.9527135491371155, 0.9612774848937988, 0.9684045910835266], "val_loss": [0.5834441781044006, 0.35834500193595886, 0.20143984258174896, 0.17832723259925842, 0.18983635306358337, 0.18415987491607666, 0.15126240253448486], "val_accuracy": [0.8204529881477356, 0.8861825466156006, 0.9349533319473267, 0.9423514604568481, 0.9409856796264648, 0.9452537894248962, 0.9533917307853699]}